run_id,tier_id,seed,budget_index,budget,timing_repetitions,cold_seconds,warm_seconds,speedup_cold_over_warm,cold_objective,warm_objective,objective_difference,consistency_tolerance,cold_iterations,warm_iterations,cold_initial_scenarios,warm_initial_scenarios,cold_final_scenarios,warm_final_scenarios,cold_master_seconds,warm_master_seconds,cold_oracle_seconds,warm_oracle_seconds,cold_peak_memory_mb,warm_peak_memory_mb,cold_lower_bound,warm_lower_bound,cold_upper_bound,warm_upper_bound,cold_gap,warm_gap,cold_master_solve_count,warm_master_solve_count,cold_recourse_lp_solve_count,warm_recourse_lp_solve_count,warm_reused_scenario_count,warm_scenario_reuse_rate,training_scenario_count
m0e3_formal_v1_20260823_M0_E3_V1_seed2026072401,V1,2026072401,0,1107.2893851278257,1,1.368781900000613,1.3108295000020007,1.044210478936066,20028.494961363824,20028.494961363824,0.0,0.002012849496136382,1,1,3,3,3,3,0.0635376999998698,0.04401810000126716,0.4952381000002788,0.48342780000166385,73.63671875,73.94140625,20028.494961363827,20028.494961363827,20028.494961363824,20028.494961363824,-3.637978807091713e-12,-3.637978807091713e-12,1,1,50,50,0,0.0,50
m0e3_formal_v1_20260823_M0_E3_V1_seed2026072401,V1,2026072401,1,1353.3536929340091,1,1.3375282999986666,1.318317000001116,1.0145725952085383,14886.214367683033,14886.214367683033,0.0,0.0014986214367683033,1,1,3,3,3,3,0.04129240000111167,0.04540590000033262,0.49913759999981266,0.5155524000001606,73.83203125,73.99609375,14886.214367683033,14886.214367683033,14886.214367683033,14886.214367683033,0.0,0.0,1,1,50,50,1,0.3333333333333333,50
m0e3_formal_v1_20260823_M0_E3_V1_seed2026072401,V1,2026072401,2,1599.4180007401926,1,1.3663258000015048,1.312643699999171,1.0408961700744594,9758.421235498252,9758.421235498252,0.0,0.0009858421235498251,1,1,3,3,3,3,0.04405580000093323,0.04542899999796646,0.5131956999975955,0.4991178999989643,73.77734375,73.68359375,9758.421235498252,9758.421235498252,9758.421235498252,9758.421235498252,0.0,0.0,1,1,50,50,1,0.3333333333333333,50
m0e3_formal_v1_20260823_M0_E3_V1_seed2026072402,V1,2026072402,0,1107.2893851278257,1,1.3032437000001664,1.3079599999982747,0.9963941557860221,12275.619671562159,12275.619671562159,0.0,0.0012375619671562159,1,1,3,3,3,3,0.04287119999935385,0.045361699998466065,0.4941379000010784,0.49441269999806536,73.69921875,73.76953125,12275.61967156216,12275.61967156216,12275.619671562159,12275.619671562159,-1.8189894035458565e-12,-1.8189894035458565e-12,1,1,50,50,0,0.0,50
m0e3_formal_v1_20260823_M0_E3_V1_seed2026072402,V1,2026072402,1,1353.3536929340091,1,1.3119884000007005,1.3100379999996221,1.0014888117757492,7149.352150038045,7149.352150038045,0.0,0.0007249352150038045,1,1,3,3,3,3,0.04063520000272547,0.0411071999988053,0.4970095999997284,0.5016284000012092,73.53515625,73.75390625,7149.352150038045,7149.352150038045,7149.352150038045,7149.352150038045,0.0,0.0,1,1,50,50,1,0.3333333333333333,50
m0e3_formal_v1_20260823_M0_E3_V1_seed2026072402,V1,2026072402,2,1599.4180007401926,1,1.8426180000024033,1.8557111000009172,0.9929444297668385,2034.459298727941,2034.459298727941,0.0,0.0002134459298727941,2,2,3,3,4,4,0.06556800000180374,0.057669699996040436,1.0132838999998057,0.9902155999989191,75.05078125,74.90625,2034.459298727941,2034.459298727941,2034.459298727941,2034.459298727941,0.0,0.0,2,2,100,100,1,0.3333333333333333,50
m0e3_formal_v1_20260823_M0_E3_V1_seed2026072403,V1,2026072403,0,1107.2893851278257,1,1.3101861999966786,1.3806589000014355,0.9489571971725358,29785.311506953058,29785.311506953058,0.0,0.0029885311506953056,1,1,2,2,2,2,0.04494720000002417,0.04100200000175391,0.49382320000222535,0.4996988000020792,73.421875,73.4765625,29785.31150695306,29785.31150695306,29785.311506953058,29785.311506953058,-3.637978807091713e-12,-3.637978807091713e-12,1,1,50,50,0,0.0,50
m0e3_formal_v1_20260823_M0_E3_V1_seed2026072403,V1,2026072403,1,1353.3536929340091,1,1.3247526999984984,1.300595599997905,1.0185738749236368,24606.897986764678,24606.897986764678,0.0,0.0024706897986764677,1,1,2,2,2,2,0.042835400003241375,0.04225299999961862,0.4979898999990837,0.4945698000010452,73.49609375,73.9296875,24606.897986764674,24606.897986764674,24606.897986764678,24606.897986764678,3.637978807091713e-12,3.637978807091713e-12,1,1,50,50,1,0.5,50
m0e3_formal_v1_20260823_M0_E3_V1_seed2026072403,V1,2026072403,2,1599.4180007401926,1,1.3667910000003758,1.3072427000006428,1.0455525970806367,19476.070293628538,19476.070293628538,0.0,0.001957607029362854,1,1,2,2,2,2,0.039255299998330884,0.03924129999722936,0.5148136999996495,0.5011792999976024,73.51171875,73.2421875,19476.07029362854,19476.07029362854,19476.070293628538,19476.070293628538,-3.637978807091713e-12,-3.637978807091713e-12,1,1,50,50,1,0.5,50
m0e3_formal_v1_20260823_M0_E3_V2_seed2026072401,V2,2026072401,0,1107.2893851278257,3,1.8429728999981307,1.8382735000013781,1.0025564204655886,20028.494961363824,20028.494961363824,0.0,0.002012849496136382,1,1,3,3,3,3,0.0481629999994766,0.04269630000271718,1.0151527999987593,0.9919359999985318,75.60546875,74.60546875,20028.494961363824,20028.494961363824,20028.494961363824,20028.494961363824,0.0,0.0,1,1,100,100,0,0.0,100
m0e3_formal_v1_20260823_M0_E3_V2_seed2026072401,V2,2026072401,1,1353.3536929340091,3,3.975549700000556,4.0106539000007615,0.9912472626969386,14887.267031710016,14887.267031710016,0.0,0.0014987267031710016,3,3,3,3,5,5,0.09806319999552215,0.10445310000068275,3.053356700002041,3.0791705999981787,75.84375,75.97265625,14887.26703171002,14887.26703171002,14887.267031710016,14887.267031710016,-3.637978807091713e-12,-3.637978807091713e-12,3,3,300,300,1,0.3333333333333333,100
m0e3_formal_v1_20260823_M0_E3_V2_seed2026072401,V2,2026072401,2,1599.4180007401926,3,3.9612845000010566,1.9024924999976065,2.0821551201941877,9762.855834951699,9762.855834951699,0.0,0.0009862855834951699,3,1,3,5,5,5,0.1052836999988358,0.0503621000025305,3.0624662000009266,1.042614300000423,76.11328125,74.73046875,9762.855834951697,9762.855834951697,9762.855834951699,9762.855834951699,1.8189894035458565e-12,1.8189894035458565e-12,3,1,300,100,3,0.6,100
m0e3_formal_v1_20260823_M0_E3_V2_seed2026072402,V2,2026072402,0,1107.2893851278257,3,1.896211499999481,1.8414610999971046,1.0297320426711498,24673.34048769904,24673.34048769904,0.0,0.002477334048769904,1,1,4,4,4,4,0.044768900002964074,0.04639599999791244,1.0206873999995878,0.9892604999986361,76.24609375,74.55859375,24673.34048769904,24673.34048769904,24673.34048769904,24673.34048769904,0.0,0.0,1,1,100,100,0,0.0,100
m0e3_formal_v1_20260823_M0_E3_V2_seed2026072402,V2,2026072402,1,1353.3536929340091,3,1.8383805000012217,1.8450224000007438,0.9964000979069308,19528.224924237802,19528.224924237802,0.0,0.00196282249242378,1,1,4,4,4,4,0.04764169999907608,0.04555579999941983,1.0117639999989478,0.9924522000001161,74.53515625,75.37890625,19528.224924237802,19528.224924237802,19528.224924237802,19528.224924237802,0.0,0.0,1,1,100,100,1,0.25,100
m0e3_formal_v1_20260823_M0_E3_V2_seed2026072402,V2,2026072402,2,1599.4180007401926,3,1.8569946999996318,1.850914599999669,1.0032849165488045,14402.550941395868,14402.550941395868,0.0,0.0014502550941395867,1,1,4,4,4,4,0.044253600000956794,0.04929899999842746,1.009390799998073,0.9878445999966061,74.546875,74.5703125,14402.550941395868,14402.550941395868,14402.550941395868,14402.550941395868,0.0,0.0,1,1,100,100,1,0.25,100
m0e3_formal_v1_20260823_M0_E3_V2_seed2026072403,V2,2026072403,0,1107.2893851278257,3,1.902200200001971,1.8488500999992539,1.0288558277400308,34657.38841210053,34657.38841210053,0.0,0.003475738841210053,1,1,3,3,3,3,0.04081239999868558,0.042039200001454446,1.0627803999996104,1.001499000001786,74.01953125,74.31640625,34657.38841210053,34657.38841210053,34657.38841210053,34657.38841210053,0.0,0.0,1,1,100,100,0,0.0,100
m0e3_formal_v1_20260823_M0_E3_V2_seed2026072403,V2,2026072403,1,1353.3536929340091,3,1.8990101999988838,1.843910200001119,1.0298821493572363,29480.737663672786,29480.737663672786,0.0,0.0029580737663672785,1,1,3,3,3,3,0.04602619999786839,0.04535119999854942,1.0514570000013919,0.9748214999999618,74.0546875,74.59375,29480.737663672782,29480.737663672782,29480.737663672786,29480.737663672786,3.637978807091713e-12,3.637978807091713e-12,1,1,100,100,1,0.3333333333333333,100
m0e3_formal_v1_20260823_M0_E3_V2_seed2026072403,V2,2026072403,2,1599.4180007401926,3,1.9018225999971037,1.8910852000008163,1.0056779038809478,24344.250838026765,24344.250838026765,0.0,0.0024444250838026762,1,1,3,3,3,3,0.046881000002031215,0.04048440000042319,1.040965199998027,1.018704300000536,74.40625,75.5,24344.250838026765,24344.250838026765,24344.250838026765,24344.250838026765,0.0,0.0,1,1,100,100,1,0.3333333333333333,100
m0e3_formal_v1_20260823_M0_E3_V2_seed2026072404,V2,2026072404,0,1107.2893851278257,3,1.8565153000017744,1.8391014000008,1.0094687003125369,27211.34741188877,27211.34741188877,0.0,0.0027311347411888773,1,1,3,3,3,3,0.04661180000039167,0.043900499997107545,1.000951600002736,0.9943036000004213,75.671875,75.65625,27211.347411888768,27211.347411888768,27211.34741188877,27211.34741188877,3.637978807091713e-12,3.637978807091713e-12,1,1,100,100,0,0.0,100
m0e3_formal_v1_20260823_M0_E3_V2_seed2026072404,V2,2026072404,1,1353.3536929340091,3,2.944546300001093,2.9535993999998027,0.9969348923897025,22032.638755577602,22032.638755577602,0.0,0.00221326387555776,2,2,3,3,4,4,0.07371290000082809,0.0853004999953555,2.0429712000004656,2.0711164999956964,75.59765625,75.390625,22032.6387555776,22032.6387555776,22032.638755577602,22032.638755577602,3.637978807091713e-12,3.637978807091713e-12,2,2,200,200,1,0.3333333333333333,100
m0e3_formal_v1_20260823_M0_E3_V2_seed2026072404,V2,2026072404,2,1599.4180007401926,3,2.9937855000025593,1.8791657000001578,1.5931460966972246,16903.265564059082,16903.265564059082,0.0,0.0017003265564059082,2,1,3,4,4,4,0.07772710000062943,0.04709250000087195,2.0643109000011464,0.9775662000029115,76.26171875,75.34375,16903.26556405908,16903.26556405908,16903.265564059082,16903.265564059082,3.637978807091713e-12,3.637978807091713e-12,2,1,200,100,2,0.5,100
m0e3_formal_v1_20260823_M0_E3_V2_seed2026072405,V2,2026072405,0,1107.2893851278257,3,1.8856534000005922,1.8432450000000244,1.0230074678084395,26856.3343094475,26856.3343094475,0.0,0.0026956334309447497,1,1,4,4,4,4,0.04850129999977071,0.04758579999906942,1.0020292999979574,0.991907400002674,75.22265625,74.48046875,26856.334309447495,26856.334309447495,26856.3343094475,26856.3343094475,3.637978807091713e-12,3.637978807091713e-12,1,1,100,100,0,0.0,100
m0e3_formal_v1_20260823_M0_E3_V2_seed2026072405,V2,2026072405,1,1353.3536929340091,3,1.8609166999995068,1.8459914000013669,1.0080852489335155,21679.09268883419,21679.09268883419,0.0,0.002177909268883419,1,1,4,4,4,4,0.04497519999858923,0.04481309999755467,0.9899272000002384,0.994899199999054,75.234375,76.08984375,21679.09268883419,21679.09268883419,21679.09268883419,21679.09268883419,0.0,0.0,1,1,100,100,1,0.25,100
m0e3_formal_v1_20260823_M0_E3_V2_seed2026072405,V2,2026072405,2,1599.4180007401926,3,1.8990912000008393,1.9528532999975141,0.9724699750888901,16550.048532553752,16550.048532553752,0.0,0.001665004853255375,1,1,4,4,4,4,0.042267200002243044,0.04700339999908465,1.0492778999978327,1.062413399999059,75.19140625,74.84765625,16550.048532553752,16550.048532553752,16550.048532553752,16550.048532553752,0.0,0.0,1,1,100,100,1,0.25,100
m0e3_formal_v1_20260823_M0_E3_V2_seed2026072406,V2,2026072406,0,1107.2893851278257,3,1.880481600001076,1.888395900001342,0.9958089826395724,19727.0140867981,19727.0140867981,0.0,0.00198270140867981,1,1,4,4,4,4,0.04676100000142469,0.04343679999874439,1.0584713999996893,1.0318799000015133,76.01171875,75.67578125,19727.0140867981,19727.0140867981,19727.0140867981,19727.0140867981,0.0,0.0,1,1,100,100,0,0.0,100
m0e3_formal_v1_20260823_M0_E3_V2_seed2026072406,V2,2026072406,1,1353.3536929340091,3,2.8923974000026647,2.9696844999998575,0.9739746427618164,14596.371590177432,14596.371590177432,0.0,0.0014696371590177432,2,2,4,4,5,5,0.06950850000066566,0.0688914999991539,2.025692200000776,2.037192799998593,76.59765625,76.20703125,14596.37159017743,14596.37159017743,14596.371590177432,14596.371590177432,1.8189894035458565e-12,1.8189894035458565e-12,2,2,200,200,1,0.25,100
m0e3_formal_v1_20260823_M0_E3_V2_seed2026072406,V2,2026072406,2,1599.4180007401926,3,2.9461570999992546,1.8985942999970575,1.5517570552085933,9473.427294936557,9473.427294936557,0.0,0.0009573427294936556,2,1,4,5,5,5,0.07274690000122064,0.05208019999918179,2.0336281999989296,1.0423256999965815,75.484375,74.4140625,9473.427294936557,9473.427294936557,9473.427294936557,9473.427294936557,0.0,0.0,2,1,200,100,2,0.4,100
m0e3_formal_v1_20260823_M0_E3_V2_seed2026072407,V2,2026072407,0,1107.2893851278257,3,1.835416300000361,1.8871517999978096,0.972585406220364,19501.034797122666,19501.034797122666,0.0,0.0019601034797122664,1,1,3,3,3,3,0.04452589999709744,0.04521519999980228,0.9925776000018232,1.023188700000901,74.97265625,74.36328125,19501.034797122666,19501.034797122666,19501.034797122666,19501.034797122666,0.0,0.0,1,1,100,100,0,0.0,100
m0e3_formal_v1_20260823_M0_E3_V2_seed2026072407,V2,2026072407,1,1353.3536929340091,3,1.9573306000020239,1.8419678999998723,1.0626301359552246,14371.99064084223,14371.99064084223,0.0,0.001447199064084223,1,1,3,3,3,3,0.047953099998267135,0.04603289999795379,1.0690073000005214,1.0081193999976676,74.875,75.6015625,14371.99064084223,14371.99064084223,14371.99064084223,14371.99064084223,0.0,0.0,1,1,100,100,1,0.3333333333333333,100
m0e3_formal_v1_20260823_M0_E3_V2_seed2026072407,V2,2026072407,2,1599.4180007401926,3,1.8945242000008875,1.8835811999997532,1.0058096778631767,9249.217510876935,9249.217510876935,0.0,0.0009349217510876935,1,1,3,3,3,3,0.04482110000026296,0.042549800000415416,0.9946807000014815,1.0072570999982418,75.73828125,74.8046875,9249.217510876935,9249.217510876935,9249.217510876935,9249.217510876935,0.0,0.0,1,1,100,100,1,0.3333333333333333,100
m0e3_formal_v1_20260823_M0_E3_V2_seed2026072408,V2,2026072408,0,1107.2893851278257,3,1.8415038999992248,1.8892480000031355,0.9747285163176929,46988.383456773416,46988.383456773416,0.0,0.004708838345677341,1,1,2,2,2,2,0.03714799999943352,0.03837700000076438,1.0281222000012349,1.0538453999979538,74.578125,74.1875,46988.38345677341,46988.38345677341,46988.383456773416,46988.383456773416,7.275957614183426e-12,7.275957614183426e-12,1,1,100,100,0,0.0,100
m0e3_formal_v1_20260823_M0_E3_V2_seed2026072408,V2,2026072408,1,1353.3536929340091,3,1.8239744999991672,1.8349698000019998,0.9940079122812698,41797.84426797548,41797.84426797548,0.0,0.004189784426797547,1,1,2,2,2,2,0.03959300000133226,0.039963899998838315,1.0005448999982036,1.000050899998314,74.7734375,74.13671875,41797.84426797549,41797.84426797549,41797.84426797548,41797.84426797548,-7.275957614183426e-12,-7.275957614183426e-12,1,1,100,100,1,0.5,100
m0e3_formal_v1_20260823_M0_E3_V2_seed2026072408,V2,2026072408,2,1599.4180007401926,3,1.8454506999987643,1.8418128000012075,1.001975173588518,36607.305079177546,36607.305079177546,0.0,0.0036707305079177544,1,1,2,2,2,2,0.04547869999805698,0.040670799997315044,1.001875400001154,0.9984995000013441,74.203125,74.2421875,36607.305079177546,36607.305079177546,36607.305079177546,36607.305079177546,0.0,0.0,1,1,100,100,1,0.5,100
m0e3_formal_v1_20260823_M0_E3_V2_seed2026072409,V2,2026072409,0,1107.2893851278257,3,1.8302020000010089,1.828461299999617,1.0009520026491083,27568.6250770552,27568.6250770552,0.0,0.0027668625077055197,1,1,4,4,4,4,0.04617399999915506,0.04490739999891957,0.9949894000019412,0.9793386999990616,75.12890625,74.34375,27568.6250770552,27568.6250770552,27568.6250770552,27568.6250770552,0.0,0.0,1,1,100,100,0,0.0,100
m0e3_formal_v1_20260823_M0_E3_V2_seed2026072409,V2,2026072409,1,1353.3536929340091,3,1.8311060999985784,1.9054968000018562,0.9609599449323635,22423.932060345196,22423.932060345196,0.0,0.0022523932060345194,1,1,4,4,4,4,0.04725910000342992,0.043714299998100614,1.0121209999997518,1.025239300000976,75.09375,75.9375,22423.932060345192,22423.932060345192,22423.932060345196,22423.932060345196,3.637978807091713e-12,3.637978807091713e-12,1,1,100,100,1,0.25,100
m0e3_formal_v1_20260823_M0_E3_V2_seed2026072409,V2,2026072409,2,1599.4180007401926,3,1.8278137000015704,1.8747404999994615,0.9749689090314608,17294.887904064755,17294.887904064755,0.0,0.0017394887904064755,1,1,4,4,4,4,0.044256199998926604,0.04425219999757246,1.0011627999992925,1.0012315000021772,76.3203125,75.20703125,17294.88790406476,17294.88790406476,17294.887904064755,17294.887904064755,-3.637978807091713e-12,-3.637978807091713e-12,1,1,100,100,1,0.25,100
m0e3_formal_v1_20260823_M0_E3_V2_seed2026072410,V2,2026072410,0,1107.2893851278257,3,2.884796800000913,2.8810884000013175,1.0012871524523836,21694.247697714352,21694.247697714352,0.0,0.002179424769771435,2,2,3,3,4,4,0.07598029999644496,0.0763546000016504,2.010699000002205,2.032327200002328,75.58203125,75.4296875,21694.247697714352,21694.247697714352,21694.247697714352,21694.247697714352,0.0,0.0,2,2,200,200,0,0.0,100
m0e3_formal_v1_20260823_M0_E3_V2_seed2026072410,V2,2026072410,1,1353.3536929340091,3,2.934779699997307,1.941032599999744,1.5119682688470528,16565.203541433915,16565.203541433915,0.0,0.0016665203541433914,2,1,3,4,4,4,0.07849649999843678,0.04390090000015334,2.0773423000027833,1.0611802999992506,75.27734375,75.58984375,16565.20354143391,16565.20354143391,16565.203541433915,16565.203541433915,3.637978807091713e-12,3.637978807091713e-12,2,1,200,100,2,0.5,100
m0e3_formal_v1_20260823_M0_E3_V2_seed2026072410,V2,2026072410,2,1599.4180007401926,3,3.996669899999688,2.9308349000020826,1.363662586383439,11440.96195033938,11440.96195033938,0.0,0.001154096195033938,3,2,3,4,5,5,0.10463750000053551,0.07281619999776012,3.062924199999543,2.0546627000003355,75.7265625,76.3046875,11440.961950339377,11440.961950339377,11440.96195033938,11440.96195033938,3.637978807091713e-12,3.637978807091713e-12,3,2,300,200,2,0.5,100
m0e3_formal_v1_20260823_M0_E3_P1_seed2026072401,P1,2026072401,0,5870.3989732624905,1,50.99798920000103,49.494606499996735,1.0303746772894213,115640.64050554234,115640.64050554234,0.0,0.011574064050554233,3,3,4,4,6,6,0.318522400000802,0.3175405000038154,49.527358999999706,48.05251860000135,119.01171875,120.38671875,115640.6405055423,115640.6405055423,115640.64050554234,115640.64050554234,4.3655745685100555e-11,4.3655745685100555e-11,3,3,1500,1500,0,0.0,500
m0e3_formal_v1_20260823_M0_E3_P1_seed2026072401,P1,2026072401,1,7174.932078431933,1,49.9610305999995,16.587443500000518,3.011978946604879,88385.47197353466,88385.47197353466,0.0,0.008848547197353465,3,1,4,6,6,6,0.34674919999815756,0.13144169999941369,48.46981799999776,15.392390900000464,128.93359375,113.90625,88385.47197353464,88385.47197353464,88385.47197353466,88385.47197353466,1.4551915228366852e-11,1.4551915228366852e-11,3,1,1500,500,3,0.5,500
m0e3_formal_v1_20260823_M0_E3_P1_seed2026072401,P1,2026072401,2,8479.465183601376,1,49.475269300000946,16.26243539999996,3.0423038175451307,61302.201984847445,61302.201984847445,0.0,0.0061402201984847435,3,1,4,6,6,6,0.32648859999972046,0.128623399999924,48.034225999996124,15.077367499998218,120.546875,125.90625,61302.201984847445,61302.201984847445,61302.201984847445,61302.201984847445,0.0,0.0,3,1,1500,500,3,0.5,500
m0e3_formal_v1_20260823_M0_E3_P1_seed2026072402,P1,2026072402,0,5870.3989732624905,1,16.413772100000642,16.2303107000007,1.0113036283402717,172894.68749525005,172894.68749525005,0.0,0.017299468749525003,1,1,2,2,2,2,0.0665673000003153,0.06508389999726205,15.314010599999165,15.173082400000567,120.1875,113.0,172894.68749525008,172894.68749525008,172894.68749525005,172894.68749525005,-2.9103830456733704e-11,-2.9103830456733704e-11,1,1,500,500,0,0.0,500
m0e3_formal_v1_20260823_M0_E3_P1_seed2026072402,P1,2026072402,1,7174.932078431933,1,16.187031699999352,16.353920599998673,0.989795174864715,145465.17935463157,145465.17935463157,0.0,0.014556517935463156,1,1,2,2,2,2,0.06797060000099009,0.06427350000012666,15.063037700001587,15.240682899999229,110.13671875,111.56640625,145465.1793546316,145465.1793546316,145465.17935463157,145465.17935463157,-2.9103830456733704e-11,-2.9103830456733704e-11,1,1,500,500,1,0.5,500
m0e3_formal_v1_20260823_M0_E3_P1_seed2026072402,P1,2026072402,2,8479.465183601376,1,16.547129400001722,16.361313299999892,1.011357040635719,118189.50762042991,118189.50762042991,0.0,0.01182895076204299,1,1,2,2,2,2,0.062150400000973605,0.06104529999720398,15.460056500000064,15.28632640000069,111.86328125,115.5390625,118189.5076204299,118189.5076204299,118189.50762042991,118189.50762042991,1.4551915228366852e-11,1.4551915228366852e-11,1,1,500,500,1,0.5,500
m0e3_formal_v1_20260823_M0_E3_P1_seed2026072403,P1,2026072403,0,5870.3989732624905,1,16.170842300001823,16.288865599999554,0.9927543573078697,150287.05242696733,150287.05242696733,0.0,0.015038705242696732,1,1,2,2,2,2,0.06953140000041458,0.06390529999771388,15.042337700000644,15.191901899997902,110.43359375,113.91015625,150287.05242696733,150287.05242696733,150287.05242696733,150287.05242696733,0.0,0.0,1,1,500,500,0,0.0,500
m0e3_formal_v1_20260823_M0_E3_P1_seed2026072403,P1,2026072403,1,7174.932078431933,1,16.258631900000182,16.31871830000091,0.9963179461219865,122950.04090412188,122950.04090412188,0.0,0.012305004090412188,1,1,2,2,2,2,0.05960699999923236,0.06687050000255113,15.167563200000586,15.24802500000078,109.84375,116.6328125,122950.0409041219,122950.0409041219,122950.04090412188,122950.04090412188,-1.4551915228366852e-11,-1.4551915228366852e-11,1,1,500,500,1,0.5,500
m0e3_formal_v1_20260823_M0_E3_P1_seed2026072403,P1,2026072403,2,8479.465183601376,1,16.309938800000964,16.325773300002766,0.9990300918853382,95744.12194710999,95744.12194710999,0.0,0.009584412194710998,1,1,2,2,2,2,0.06300460000056773,0.061385900000459515,15.22104820000095,15.259407100002136,113.1171875,112.3984375,95744.12194710998,95744.12194710998,95744.12194710999,95744.12194710999,1.4551915228366852e-11,1.4551915228366852e-11,1,1,500,500,1,0.5,500
m0e3_formal_v1_20260823_M0_E3_P1_seed2026072404,P1,2026072404,0,5870.3989732624905,1,32.773208700000396,32.95711149999988,0.994419935739833,122797.54046947352,122797.54046947352,0.0,0.01228975404694735,2,2,4,4,5,5,0.2233561999964877,0.22432860000117216,31.46795750000092,31.70031519999975,121.49609375,122.57421875,122797.54046947352,122797.54046947352,122797.54046947352,122797.54046947352,0.0,0.0,2,2,1000,1000,0,0.0,500
m0e3_formal_v1_20260823_M0_E3_P1_seed2026072404,P1,2026072404,1,7174.932078431933,1,32.84737130000212,16.392525700000988,2.003801726539318,95500.23528758451,95500.23528758451,0.0,0.00956002352875845,2,1,4,5,5,5,0.2144507999983034,0.10845060000065132,31.536365300002217,15.219720000000962,119.3515625,125.12109375,95500.23528758448,95500.23528758448,95500.23528758451,95500.23528758451,2.9103830456733704e-11,2.9103830456733704e-11,2,1,1000,500,1,0.2,500
m0e3_formal_v1_20260823_M0_E3_P1_seed2026072404,P1,2026072404,2,8479.465183601376,1,32.839598400001705,16.30725650000022,2.013802775470004,68336.18388136307,68336.18388136307,0.0,0.006843618388136307,2,1,4,5,5,5,0.22454410000136704,0.1080238999966241,31.55569960000139,15.200029100000393,122.17578125,113.91796875,68336.18388136306,68336.18388136306,68336.18388136307,68336.18388136307,1.4551915228366852e-11,1.4551915228366852e-11,2,1,1000,500,2,0.4,500
m0e3_formal_v1_20260823_M0_E3_P1_seed2026072405,P1,2026072405,0,5870.3989732624905,1,16.22189100000105,16.092829200002598,1.0080198328332741,148009.752092022,148009.752092022,0.0,0.0148109752092022,1,1,2,2,2,2,0.06615420000161976,0.06240729999990435,15.129887200000667,15.050325299998804,110.71484375,114.2890625,148009.75209202198,148009.75209202198,148009.752092022,148009.752092022,2.9103830456733704e-11,2.9103830456733704e-11,1,1,500,500,0,0.0,500
m0e3_formal_v1_20260823_M0_E3_P1_seed2026072405,P1,2026072405,1,7174.932078431933,1,16.216085299998667,16.5672029999987,0.9788064587607178,120575.42402686372,120575.42402686372,0.0,0.012067542402686371,1,1,2,2,2,2,0.06572230000165291,0.06747600000016973,15.090136700000585,15.44102550000025,111.2890625,112.28515625,120575.42402686372,120575.42402686372,120575.42402686372,120575.42402686372,0.0,0.0,1,1,500,500,1,0.5,500
m0e3_formal_v1_20260823_M0_E3_P1_seed2026072405,P1,2026072405,2,8479.465183601376,1,16.634545099997922,16.590927699999156,1.002628991023737,93307.01274717004,93307.01274717004,0.0,0.009340701274717002,1,1,2,2,2,2,0.06514400000014575,0.06727529999989201,15.520115100000112,15.451472699998703,112.078125,110.20703125,93307.01274717004,93307.01274717004,93307.01274717004,93307.01274717004,0.0,0.0,1,1,500,500,1,0.5,500
m0e3_formal_v1_20260823_M0_E3_P2_seed2026072401,P2,2026072401,0,8805.598459893736,1,48.648434599999746,48.578095900000335,1.001447950947773,195182.93325973238,195182.93325973238,0.0,0.019528293325973237,1,1,4,4,4,4,0.12960409999868716,0.12570229999982985,47.05036010000185,46.91961249999804,187.046875,191.4375,195182.93325973232,195182.93325973232,195182.93325973238,195182.93325973238,5.820766091346741e-11,5.820766091346741e-11,1,1,1000,1000,0,0.0,1000
m0e3_formal_v1_20260823_M0_E3_P2_seed2026072401,P2,2026072401,1,10762.3981176479,1,48.65013220000037,48.67489819999901,0.9994911956487946,154300.23974839706,154300.23974839706,0.0,0.015440023974839704,1,1,4,4,4,4,0.13241439999910654,0.13003480000043055,47.02774980000322,47.09014840000236,188.890625,189.04296875,154300.23974839703,154300.23974839703,154300.23974839706,154300.23974839706,2.9103830456733704e-11,2.9103830456733704e-11,1,1,1000,1000,1,0.25,1000
m0e3_formal_v1_20260823_M0_E3_P2_seed2026072401,P2,2026072401,2,12719.197775402063,1,48.83264129999952,48.79560280000078,1.0007590540514595,113603.73742995074,113603.73742995074,0.0,0.011370373742995073,1,1,4,4,4,4,0.14267279999694438,0.1256175999988045,47.18697509999765,47.15065129999857,189.39453125,189.68359375,113603.73742995074,113603.73742995074,113603.73742995074,113603.73742995074,0.0,0.0,1,1,1000,1000,1,0.25,1000
m0e3_formal_v1_20260823_M0_E3_P2_seed2026072402,P2,2026072402,0,8805.598459893736,1,103.1144867999974,103.70844489999945,0.9942728087324539,236014.9138931337,236014.9138931337,0.0,0.023611491389313368,2,2,3,3,4,4,0.17580269999962184,0.18415040000036242,101.38487890000033,101.94038759999967,204.65234375,206.10546875,236014.91389313363,236014.91389313363,236014.9138931337,236014.9138931337,5.820766091346741e-11,5.820766091346741e-11,2,2,2000,2000,0,0.0,1000
m0e3_formal_v1_20260823_M0_E3_P2_seed2026072402,P2,2026072402,1,10762.3981176479,1,160.95170320000034,103.65162170000258,1.552814134117849,194955.71197073,194955.71197073,0.0,0.019505571197072996,3,2,3,4,5,5,0.2959694999990461,0.2358299999978044,158.96026840000195,101.86503889999949,214.20703125,197.15234375,194955.7119707299,194955.7119707299,194955.71197073,194955.71197073,8.731149137020111e-11,8.731149137020111e-11,3,2,3000,2000,1,0.25,1000
m0e3_formal_v1_20260823_M0_E3_P2_seed2026072402,P2,2026072402,2,12719.197775402063,1,160.79391290000058,48.79795550000199,3.295095281194599,154133.07503978984,154133.07503978984,0.0,0.015423307503978982,3,1,3,5,5,5,0.2892252000019653,0.15582160000121803,158.9296144,47.15132640000229,193.69921875,186.61328125,154133.07503978984,154133.07503978984,154133.07503978984,154133.07503978984,0.0,0.0,3,1,3000,1000,3,0.6,1000
m0e3_formal_v1_20260823_M0_E3_P2_seed2026072403,P2,2026072403,0,8805.598459893736,1,103.41043200000058,104.09987980000005,0.9933770547927235,238617.3080278897,238617.3080278897,0.0,0.023871730802788968,2,2,2,2,3,3,0.25488119999863557,0.2128387999982806,101.6681849000015,102.34372179999991,203.22265625,194.140625,238617.30802788964,238617.30802788964,238617.3080278897,238617.3080278897,5.820766091346741e-11,5.820766091346741e-11,2,2,2000,2000,0,0.0,1000
m0e3_formal_v1_20260823_M0_E3_P2_seed2026072403,P2,2026072403,1,10762.3981176479,1,103.68772660000104,48.32905039999969,2.145453422772025,197567.76903527134,197567.76903527134,0.0,0.01976677690352713,2,1,2,3,3,3,0.22601360000044224,0.09092220000093221,101.93720190000386,46.70337930000096,208.9765625,192.55859375,197567.76903527137,197567.76903527137,197567.76903527134,197567.76903527134,-2.9103830456733704e-11,-2.9103830456733704e-11,2,1,2000,1000,1,0.3333333333333333,1000
m0e3_formal_v1_20260823_M0_E3_P2_seed2026072403,P2,2026072403,2,12719.197775402063,1,104.72830750000139,48.65667340000073,2.1523934988124327,156750.9690752105,156750.9690752105,0.0,0.01568509690752105,2,1,2,3,3,3,0.21731550000185962,0.09789140000066254,102.96883889999663,46.869539900002565,198.421875,201.73046875,156750.96907521045,156750.96907521045,156750.9690752105,156750.9690752105,5.820766091346741e-11,5.820766091346741e-11,2,1,2000,1000,1,0.3333333333333333,1000
